{
    "mse": 0.007595994538145968,
    "mae": 0.0588862021711884,
    "rmse": 0.08715500294386988,
    "mean_percentage_error": 282.4828489391147
}